Varenr,Link
38901001,https://www.fotoagent.dk/single_picture/12535/138/medium/389010021.jpg
38901002,https://www.fotoagent.dk/single_picture/12535/138/medium/389010021.jpg
38902001,https://www.fotoagent.dk/single_picture/12535/138/small/389020021.jpg
38902002,https://www.fotoagent.dk/single_picture/12535/138/small/389020021.jpg
37512002,https://www.fotoagent.dk/single_picture/12535/138/small/375120011.jpg
37512001,https://www.fotoagent.dk/single_picture/12535/138/small/375120011.jpg
41798001,https://www.fotoagent.dk/single_picture/12535/138/small/417980011.jpg
41798002,https://www.fotoagent.dk/single_picture/12535/138/small/417980011.jpg
41575001,https://www.fotoagent.dk/single_picture/12535/138/small/415750011.jpg
41575002,https://www.fotoagent.dk/single_picture/12535/138/small/415750011.jpg 
40867001,https://www.fotoagent.dk/single_picture/12535/138/small/408670011.jpg  
40867002,https://www.fotoagent.dk/single_picture/12535/138/small/408670011.jpg  
38427001,https://www.fotoagent.dk/single_picture/12535/138/small/38427001_1.jpeg
16935005,https://www.fotoagent.dk/single_picture/12535/138/small/169351.jpg
16935003,https://www.fotoagent.dk/single_picture/12535/138/small/169351.jpg
25343003,https://www.fotoagent.dk/single_picture/12535/138/small/253431.jpg
25343001,https://www.fotoagent.dk/single_picture/12535/138/small/253431.jpg
25343002,https://www.fotoagent.dk/single_picture/12535/138/small/253431.jpg
38898001,https://www.fotoagent.dk/single_picture/12535/138/small/388980021.jpg
38898002,https://www.fotoagent.dk/single_picture/12535/138/small/388980021.jpg
38898001,https://www.fotoagent.dk/single_picture/12535/138/small/388980021.jpg
38898002,https://www.fotoagent.dk/single_picture/12535/138/small/388980021.jpg
38896001,https://www.fotoagent.dk/single_picture/12535/138/small/388960021.jpg
38896002,https://www.fotoagent.dk/single_picture/12535/138/small/388960021.jpg
38899001,https://www.fotoagent.dk/single_picture/12535/138/medium/388990021.jpg
38899002,https://www.fotoagent.dk/single_picture/12535/138/medium/388990021.jpg
38897001,https://www.fotoagent.dk/single_picture/12535/138/medium/388970021.jpg
38897002,https://www.fotoagent.dk/single_picture/12535/138/medium/388970021.jpg
41800001,https://www.fotoagent.dk/single_picture/12535/138/medium/418000011.jpg
41802001,https://www.fotoagent.dk/single_picture/12535/138/medium/418020011.jpg
41799001,https://www.fotoagent.dk/single_picture/12535/138/medium/417990011.jpg
41799002,https://www.fotoagent.dk/single_picture/12535/138/medium/417990011.jpg
41801001,https://www.fotoagent.dk/single_picture/12535/138/medium/418010011.jpg
41801002,https://www.fotoagent.dk/single_picture/12535/138/medium/418010011.jpg
41576001,https://www.fotoagent.dk/single_picture/12535/138/medium/415760011.jpg
41576002,https://www.fotoagent.dk/single_picture/12535/138/medium/415760011.jpg
41578001,https://www.fotoagent.dk/single_picture/12535/138/medium/415780011.jpg
41578002,https://www.fotoagent.dk/single_picture/12535/138/medium/415780011.jpg
41796001,https://www.fotoagent.dk/single_picture/12535/138/medium/417960011.jpg
41795001,https://www.fotoagent.dk/single_picture/12535/138/small/417950011.jpg
41795002,https://www.fotoagent.dk/single_picture/12535/138/small/417950011.jpg
41797001,https://www.fotoagent.dk/single_picture/12535/138/small/417970011.jpg
41797002,https://www.fotoagent.dk/single_picture/12535/138/small/417970011.jpg
43060001,https://www.fotoagent.dk/single_picture/12535/138/small/430600012.jpg
43060002,https://www.fotoagent.dk/single_picture/12535/138/small/430600012.jpg
44084001,https://www.fotoagent.dk/single_picture/12535/138/small/44084001_1.jpg
44084002,https://www.fotoagent.dk/single_picture/12535/138/large/44084001_1.jpg
44085001,https://www.fotoagent.dk/single_picture/12535/138/small/44085001_1.jpg
44085002,https://www.fotoagent.dk/single_picture/12535/138/small/44085001_1.jpg
44085003,https://www.fotoagent.dk/single_picture/12535/138/small/44085001_1.jpg
44227001,https://www.fotoagent.dk/single_picture/12535/138/small/44227001_1.jpg
21746001,https://www.fotoagent.dk/single_picture/12535/138/small/21746001_1.jpg
21746002,https://www.fotoagent.dk/single_picture/12535/138/small/21746001_1.jpg
21523002,https://www.fotoagent.dk/single_picture/12535/138/small/21523001_1.jpeg
21523003,https://www.fotoagent.dk/single_picture/12535/138/large/21523001_1.jpeg
16931005,https://www.fotoagent.dk/single_picture/12535/138/small/169311.jpg
16931006,https://www.fotoagent.dk/single_picture/12535/138/small/169311.jpg
43223001,https://www.fotoagent.dk/single_picture/12535/138/small/432230011.jpg
43223002,https://www.fotoagent.dk/single_picture/12535/138/small/432230011.jpg
38900001,https://www.fotoagent.dk/single_picture/12535/138/small/389000021.jpg
38900002,https://www.fotoagent.dk/single_picture/12535/138/small/389000021.jpg
41577001,https://www.fotoagent.dk/single_picture/12535/138/small/415770011.jpg
41577002,https://www.fotoagent.dk/single_picture/12535/138/small/415770011.jpg
43061001,https://www.fotoagent.dk/single_picture/12535/138/small/430610011.jpg
43061002,https://www.fotoagent.dk/single_picture/12535/138/small/430610011.jpg
43062001,https://www.fotoagent.dk/single_picture/12535/138/small/430620011.jpg
43062002,https://www.fotoagent.dk/single_picture/12535/138/small/430620011.jpg
44086001,https://www.fotoagent.dk/single_picture/12535/138/small/44086001_1.jpg
44086002,https://www.fotoagent.dk/single_picture/12535/138/small/44086001_1.jpg
44086003,https://www.fotoagent.dk/single_picture/12535/138/small/44086001_1.jpg
43224001,https://www.fotoagent.dk/single_picture/12535/138/small/432240011.jpg
43224002,https://www.fotoagent.dk/single_picture/12535/138/small/432240011.jpg
43225001,https://www.fotoagent.dk/single_picture/12535/138/small/432250011.jpg
43225002,https://www.fotoagent.dk/single_picture/12535/138/small/432250011.jpg
43226001,https://www.fotoagent.dk/single_picture/12535/138/small/432260011.jpg
43226002,https://www.fotoagent.dk/single_picture/12535/138/small/432260011.jpg
39991001,https://www.fotoagent.dk/single_picture/12535/138/small/399910011.jpg
41574001,https://www.fotoagent.dk/single_picture/12535/138/small/415740011.jpg
41581002,https://www.fotoagent.dk/single_picture/12535/138/small/415810021.jpg
41581001,https://www.fotoagent.dk/single_picture/12535/138/small/415810011.jpg
31185001,https://www.fotoagent.dk/single_picture/12535/138/small/311850011.jpg
31186001,https://www.fotoagent.dk/single_picture/12535/138/small/311860021.jpg
31186002,https://www.fotoagent.dk/single_picture/12535/138/small/311860021.jpg
40516001,https://www.fotoagent.dk/single_picture/12535/138/small/405160011.jpg